feature,value,model
ttgt,-2.0559688518760115,full linear
ttga,-1.7779193105421012,full linear
gtgt,-1.569270376659986,full linear
tgtc,1.4407989030485167,full linear
ctgt,-1.408391638156404,full linear
cact,-1.2756556699331028,full linear
ctga,-1.1843139032190175,full linear
gtca,-1.144293411665045,full linear
gatg,-1.1174026058808995,full linear
tact,-1.109308439817219,full linear
catg,-1.0838455527186572,full linear
aatg,-1.051806115634217,full linear
medium_rpmi,-0.28788370086865667,full linear
