feature,value,model
(Intercept),1.1045648003040842,lasso
rep_a,-0.07981707396936207,lasso
ccac,0.05636309769971384,lasso
cgtg,0.04179239771761063,lasso
tttc,0.04088313120099307,lasso
cctt,-0.033462530248432716,lasso
gacg,0.03215134582394197,lasso
ccgt,0.028995710386260146,lasso
tcaa,-0.027666310545391516,lasso
gcga,0.02626600752403612,lasso
aata,-0.024324870046511748,lasso
tcga,0.022591650469250935,lasso
aagc,-0.02111188825754768,lasso
ttga,-0.020227033633673654,lasso
tagg,0.019798281825252548,lasso
gatg,-0.01902867026784139,lasso
agtg,0.017682055785403553,lasso
gtgc,0.016263438909340937,lasso
ttac,-0.015131957910585586,lasso
atcc,-0.014435176296108621,lasso
caca,0.012751135588267013,lasso
tctt,0.012495573550653035,lasso
tgcc,0.011883066588909688,lasso
tctc,0.01123077067434531,lasso
gttt,-0.010269231235186676,lasso
ccgc,0.00996121257874825,lasso
atgg,-0.009886474325177124,lasso
gcat,0.009830976846590102,lasso
caat,-0.008823244560283853,lasso
attc,0.00808644709735957,lasso
ggtt,-0.007623697216010916,lasso
ttct,0.007615192780627969,lasso
taag,-0.007397736228640612,lasso
acga,0.006113695459066751,lasso
ctcg,0.0044533276710794125,lasso
aaag,-0.004072430352900087,lasso
tcag,-0.0029136062288339097,lasso
tttt,0.0028933408489652383,lasso
ctgg,-0.0025274475145881763,lasso
taaa,-0.0024995230250943186,lasso
ccat,-0.002445354310208787,lasso
